Country,Coronavirus Cases,Deaths,Recovered,Death Percentage
Jordan,1638228 ,13849,1546429,0.8453646256809187%
Us,80979977 ,985914,55013011,1.2174787355150767%
India,42971308 ,515241,42406150,1.1990349467602894%
Uk,19245301 ,162147,18022989,0.8425277422265309%
