Country,Coronavirus Cases,Deaths,Recovered,Death Percentage
Jordan,1680179 ,13959,1647266,0.8308043369188641%
Us,81404135 ,997845,57123063,1.2257915399506425%
India,43007841 ,516510,42465122,1.200967051566248%
Uk,20093762 ,163511,18541447,0.8137401050136853%
