Country,Coronavirus Cases,Deaths,Recovered,Death Percentage
Jordan,1654677 ,13882,1572386,0.8389552764678544%
Us,81169534 ,993693,55915138,1.2242191756330645%
India,42990991 ,515850,42437072,1.1999025563286037%
Uk,19530485 ,162738,18229317,0.8332511967828755%
